Name,New Name,Type
J/JL/Lxx-E-AS_1-1,J/JL/Lxx-E-AS_1-1,VAR_EXTERNAL
J/JL/Lxx-E-AS_1-2,J/JL/Lxx-E-AS_1-2,VAR_EXTERNAL
J/JL/Lxx-E-AS_1-3,J/JL/Lxx-E-AS_1-3,VAR_EXTERNAL
J/JL/Lxx-E-AS_1-4,J/JL/Lxx-E-AS_1-4,VAR_EXTERNAL
J/JL/Lxx-E-AS_1-5,J/JL/Lxx-E-AS_1-5,VAR_EXTERNAL
J/JL/Lxx-E-AS_1-6,J/JL/Lxx-E-AS_1-6,VAR_EXTERNAL
J/JL/Lxx-E-AS_1-7,J/JL/Lxx-E-AS_1-7,VAR_EXTERNAL
J/JL/Lxx-E-AS_1-8,J/JL/Lxx-E-AS_1-8,VAR_EXTERNAL
J/JL/Lxx-E-AS_1-9,J/JL/Lxx-E-AS_1-9,VAR_EXTERNAL
J/JL/Lxx-E-AS_1-10,J/JL/Lxx-E-AS_1-10,VAR_EXTERNAL
J/JL/Lxx-E-AS_2-1,J/JL/Lxx-E-AS_2-1,VAR_EXTERNAL
J/JL/Lxx-E-AS_2-2,J/JL/Lxx-E-AS_2-2,VAR_EXTERNAL
J/JL/Lxx-E-AS_2-3,J/JL/Lxx-E-AS_2-3,VAR_EXTERNAL
J/JL/Lxx-E-AS_2-4,J/JL/Lxx-E-AS_2-4,VAR_EXTERNAL
J/JL/Lxx-E-AS_2-5,J/JL/Lxx-E-AS_2-5,VAR_EXTERNAL
J/JL/Lxx-E-AS_2-6,J/JL/Lxx-E-AS_2-6,VAR_EXTERNAL
J/JL/Lxx-E-AS_2-7,J/JL/Lxx-E-AS_2-7,VAR_EXTERNAL
J/JL/Lxx-E-AS_2-8,J/JL/Lxx-E-AS_2-8,VAR_EXTERNAL
J/JL/Lxx-E-AS_2-9,J/JL/Lxx-E-AS_2-9,VAR_EXTERNAL
J/JL/Lxx-E-AS_2-10,J/JL/Lxx-E-AS_2-10,VAR_EXTERNAL
J/JL/Lxx-E-AS_3-1,J/JL/Lxx-E-AS_3-1,VAR_EXTERNAL
J/JL/Lxx-E-AS_3-2,J/JL/Lxx-E-AS_3-2,VAR_EXTERNAL
J/JL/Lxx-E-AS_3-3,J/JL/Lxx-E-AS_3-3,VAR_EXTERNAL
J/JL/Lxx-E-AS_3-4,J/JL/Lxx-E-AS_3-4,VAR_EXTERNAL
J/JL/Lxx-E-AS_3-5,J/JL/Lxx-E-AS_3-5,VAR_EXTERNAL
J/JL/Lxx-E-AS_3-6,J/JL/Lxx-E-AS_3-6,VAR_EXTERNAL
J/JL/Lxx-E-AS_3-7,J/JL/Lxx-E-AS_3-7,VAR_EXTERNAL
J/JL/Lxx-E-AS_3-8,J/JL/Lxx-E-AS_3-8,VAR_EXTERNAL
J/JL/Lxx-E-AS_3-9,J/JL/Lxx-E-AS_3-9,VAR_EXTERNAL
J/JL/Lxx-E-AS_3-10,J/JL/Lxx-E-AS_3-10,VAR_EXTERNAL
J/JL/Lxx-E-AS_4-1,J/JL/Lxx-E-AS_4-1,VAR_EXTERNAL
J/JL/Lxx-E-AS_4-2,J/JL/Lxx-E-AS_4-2,VAR_EXTERNAL
J/JL/Lxx-E-AS_4-3,J/JL/Lxx-E-AS_4-3,VAR_EXTERNAL
J/JL/Lxx-E-AS_4-4,J/JL/Lxx-E-AS_4-4,VAR_EXTERNAL
J/JL/Lxx-E-AS_4-5,J/JL/Lxx-E-AS_4-5,VAR_EXTERNAL
J/JL/Lxx-E-AS_4-6,J/JL/Lxx-E-AS_4-6,VAR_EXTERNAL
J/JL/Lxx-E-AS_4-7,J/JL/Lxx-E-AS_4-7,VAR_EXTERNAL
J/JL/Lxx-E-AS_4-8,J/JL/Lxx-E-AS_4-8,VAR_EXTERNAL
J/JL/Lxx-E-AS_4-9,J/JL/Lxx-E-AS_4-9,VAR_EXTERNAL
J/JL/Lxx-E-AS_4-10,J/JL/Lxx-E-AS_4-10,VAR_EXTERNAL
J/JL/Lxx-E-AS_5-1,J/JL/Lxx-E-AS_5-1,VAR_EXTERNAL
J/JL/Lxx-E-AS_5-2,J/JL/Lxx-E-AS_5-2,VAR_EXTERNAL
J/JL/Lxx-E-AS_5-3,J/JL/Lxx-E-AS_5-3,VAR_EXTERNAL
J/JL/Lxx-E-AS_5-4,J/JL/Lxx-E-AS_5-4,VAR_EXTERNAL
J/JL/Lxx-E-AS_5-5,J/JL/Lxx-E-AS_5-5,VAR_EXTERNAL
J/JL/Lxx-E-AS_5-6,J/JL/Lxx-E-AS_5-6,VAR_EXTERNAL
J/JL/Lxx-E-AS_5-7,J/JL/Lxx-E-AS_5-7,VAR_EXTERNAL
J/JL/Lxx-E-AS_5-8,J/JL/Lxx-E-AS_5-8,VAR_EXTERNAL
J/JL/Lxx-E-AS_5-9,J/JL/Lxx-E-AS_5-9,VAR_EXTERNAL
J/JL/Lxx-E-AS_5-10,J/JL/Lxx-E-AS_5-10,VAR_EXTERNAL
J/JL/Lxx-E-AS_6-1,J/JL/Lxx-E-AS_6-1,VAR_EXTERNAL
J/JL/Lxx-E-AS_6-2,J/JL/Lxx-E-AS_6-2,VAR_EXTERNAL
J/JL/Lxx-E-AS_6-3,J/JL/Lxx-E-AS_6-3,VAR_EXTERNAL
J/JL/Lxx-E-AS_6-4,J/JL/Lxx-E-AS_6-4,VAR_EXTERNAL
J/JL/Lxx-E-AS_6-5,J/JL/Lxx-E-AS_6-5,VAR_EXTERNAL
J/JL/Lxx-E-AS_6-6,J/JL/Lxx-E-AS_6-6,VAR_EXTERNAL
J/JL/Lxx-E-AS_6-7,J/JL/Lxx-E-AS_6-7,VAR_EXTERNAL
J/JL/Lxx-E-AS_6-8,J/JL/Lxx-E-AS_6-8,VAR_EXTERNAL
J/JL/Lxx-E-AS_6-9,J/JL/Lxx-E-AS_6-9,VAR_EXTERNAL
J/JL/Lxx-E-AS_6-10,J/JL/Lxx-E-AS_6-10,VAR_EXTERNAL
J/JL/Lxx-E-AS_7-1,J/JL/Lxx-E-AS_7-1,VAR_EXTERNAL
J/JL/Lxx-E-AS_7-2,J/JL/Lxx-E-AS_7-2,VAR_EXTERNAL
J/JL/Lxx-E-AS_7-3,J/JL/Lxx-E-AS_7-3,VAR_EXTERNAL
J/JL/Lxx-E-AS_7-4,J/JL/Lxx-E-AS_7-4,VAR_EXTERNAL
J/JL/Lxx-E-AS_7-5,J/JL/Lxx-E-AS_7-5,VAR_EXTERNAL
J/JL/Lxx-E-AS_7-6,J/JL/Lxx-E-AS_7-6,VAR_EXTERNAL
J/JL/Lxx-E-AS_7-7,J/JL/Lxx-E-AS_7-7,VAR_EXTERNAL
J/JL/Lxx-E-AS_7-8,J/JL/Lxx-E-AS_7-8,VAR_EXTERNAL
J/JL/Lxx-E-AS_7-9,J/JL/Lxx-E-AS_7-9,VAR_EXTERNAL
J/JL/Lxx-E-AS_7-10,J/JL/Lxx-E-AS_7-10,VAR_EXTERNAL
J/JL/Lxx-E-AS_8-1,J/JL/Lxx-E-AS_8-1,VAR_EXTERNAL
J/JL/Lxx-E-AS_8-2,J/JL/Lxx-E-AS_8-2,VAR_EXTERNAL
J/JL/Lxx-E-AS_8-3,J/JL/Lxx-E-AS_8-3,VAR_EXTERNAL
J/JL/Lxx-E-AS_8-4,J/JL/Lxx-E-AS_8-4,VAR_EXTERNAL
J/JL/Lxx-E-AS_8-5,J/JL/Lxx-E-AS_8-5,VAR_EXTERNAL
J/JL/Lxx-E-AS_8-6,J/JL/Lxx-E-AS_8-6,VAR_EXTERNAL
J/JL/Lxx-E-AS_8-7,J/JL/Lxx-E-AS_8-7,VAR_EXTERNAL
J/JL/Lxx-E-AS_8-8,J/JL/Lxx-E-AS_8-8,VAR_EXTERNAL
J/JL/Lxx-E-AS_8-9,J/JL/Lxx-E-AS_8-9,VAR_EXTERNAL
J/JL/Lxx-E-AS_8-10,J/JL/Lxx-E-AS_8-10,VAR_EXTERNAL
J/JL/Lxx-E-AS_9-1,J/JL/Lxx-E-AS_9-1,VAR_EXTERNAL
J/JL/Lxx-E-AS_9-2,J/JL/Lxx-E-AS_9-2,VAR_EXTERNAL
J/JL/Lxx-E-AS_9-3,J/JL/Lxx-E-AS_9-3,VAR_EXTERNAL
J/JL/Lxx-E-AS_9-4,J/JL/Lxx-E-AS_9-4,VAR_EXTERNAL
J/JL/Lxx-E-AS_9-5,J/JL/Lxx-E-AS_9-5,VAR_EXTERNAL
J/JL/Lxx-E-AS_9-6,J/JL/Lxx-E-AS_9-6,VAR_EXTERNAL
J/JL/Lxx-E-AS_9-7,J/JL/Lxx-E-AS_9-7,VAR_EXTERNAL
J/JL/Lxx-E-AS_9-8,J/JL/Lxx-E-AS_9-8,VAR_EXTERNAL
J/JL/Lxx-E-AS_9-9,J/JL/Lxx-E-AS_9-9,VAR_EXTERNAL
J/JL/Lxx-E-AS_9-10,J/JL/Lxx-E-AS_9-10,VAR_EXTERNAL
J/JL/Lxx-E-AS_10-1,J/JL/Lxx-E-AS_10-1,VAR_EXTERNAL
J/JL/Lxx-E-AS_10-2,J/JL/Lxx-E-AS_10-2,VAR_EXTERNAL
J/JL/Lxx-E-AS_10-3,J/JL/Lxx-E-AS_10-3,VAR_EXTERNAL
J/JL/Lxx-E-AS_10-4,J/JL/Lxx-E-AS_10-4,VAR_EXTERNAL
J/JL/Lxx-E-AS_10-5,J/JL/Lxx-E-AS_10-5,VAR_EXTERNAL
J/JL/Lxx-E-AS_10-6,J/JL/Lxx-E-AS_10-6,VAR_EXTERNAL
J/JL/Lxx-E-AS_10-7,J/JL/Lxx-E-AS_10-7,VAR_EXTERNAL
J/JL/Lxx-E-AS_10-8,J/JL/Lxx-E-AS_10-8,VAR_EXTERNAL
J/JL/Lxx-E-AS_10-9,J/JL/Lxx-E-AS_10-9,VAR_EXTERNAL
J/JL/Lxx-E-AS_10-10,J/JL/Lxx-E-AS_10-10,VAR_EXTERNAL
J/JL/Lxx-xx-E/T/S-AS-SR_1-1,J/JL/Lxx-xx-E/T/S-AS-SR_1-1,VAR_EXTERNAL
J/JL/Lxx-xx-E/T/S-AS-SR_1-2,J/JL/Lxx-xx-E/T/S-AS-SR_1-2,VAR_EXTERNAL
J/JL/Lxx-xx-E/T/S-AS-SR_1-3,J/JL/Lxx-xx-E/T/S-AS-SR_1-3,VAR_EXTERNAL
J/JL/Lxx-xx-E/T/S-AS-SR_1-4,J/JL/Lxx-xx-E/T/S-AS-SR_1-4,VAR_EXTERNAL
J/JL/Lxx-xx-E/T/S-AS-SR_1-5,J/JL/Lxx-xx-E/T/S-AS-SR_1-5,VAR_EXTERNAL
J/JL/Lxx-xx-E/T/S-AS-SR_1-6,J/JL/Lxx-xx-E/T/S-AS-SR_1-6,VAR_EXTERNAL
J/JL/Lxx-xx-E/T/S-AS-SR_1-7,J/JL/Lxx-xx-E/T/S-AS-SR_1-7,VAR_EXTERNAL
J/JL/Lxx-xx-E/T/S-AS-SR_1-8,J/JL/Lxx-xx-E/T/S-AS-SR_1-8,VAR_EXTERNAL
J/JL/Lxx-xx-E/T/S-AS-SR_1-9,J/JL/Lxx-xx-E/T/S-AS-SR_1-9,VAR_EXTERNAL
J/JL/Lxx-xx-E/T/S-AS-SR_1-10,J/JL/Lxx-xx-E/T/S-AS-SR_1-10,VAR_EXTERNAL
J/JL/Lxx-xx-E/T/S-AS-SR_1-11,J/JL/Lxx-xx-E/T/S-AS-SR_1-11,VAR_EXTERNAL
J/JL/Lxx-xx-E/T/S-AS-SR_1-12,J/JL/Lxx-xx-E/T/S-AS-SR_1-12,VAR_EXTERNAL
J/JL/Lxx-xx-E/T/S-AS-SR_1-13,J/JL/Lxx-xx-E/T/S-AS-SR_1-13,VAR_EXTERNAL
J/JL/Lxx-xx-E/T/S-AS-SR_1-14,J/JL/Lxx-xx-E/T/S-AS-SR_1-14,VAR_EXTERNAL
J/JL/Lxx-xx-E/T/S-AS-SR_1-15,J/JL/Lxx-xx-E/T/S-AS-SR_1-15,VAR_EXTERNAL
J/JL/Lxx-xx-E/T/S-AS-SR_2-1,J/JL/Lxx-xx-E/T/S-AS-SR_2-1,VAR_EXTERNAL
J/JL/Lxx-xx-E/T/S-AS-SR_2-2,J/JL/Lxx-xx-E/T/S-AS-SR_2-2,VAR_EXTERNAL
J/JL/Lxx-xx-E/T/S-AS-SR_2-3,J/JL/Lxx-xx-E/T/S-AS-SR_2-3,VAR_EXTERNAL
J/JL/Lxx-xx-E/T/S-AS-SR_2-4,J/JL/Lxx-xx-E/T/S-AS-SR_2-4,VAR_EXTERNAL
J/JL/Lxx-xx-E/T/S-AS-SR_2-5,J/JL/Lxx-xx-E/T/S-AS-SR_2-5,VAR_EXTERNAL
J/JL/Lxx-xx-E/T/S-AS-SR_2-6,J/JL/Lxx-xx-E/T/S-AS-SR_2-6,VAR_EXTERNAL
J/JL/Lxx-xx-E/T/S-AS-SR_2-7,J/JL/Lxx-xx-E/T/S-AS-SR_2-7,VAR_EXTERNAL
J/JL/Lxx-xx-E/T/S-AS-SR_2-8,J/JL/Lxx-xx-E/T/S-AS-SR_2-8,VAR_EXTERNAL
J/JL/Lxx-xx-E/T/S-AS-SR_2-9,J/JL/Lxx-xx-E/T/S-AS-SR_2-9,VAR_EXTERNAL
J/JL/Lxx-xx-E/T/S-AS-SR_2-10,J/JL/Lxx-xx-E/T/S-AS-SR_2-10,VAR_EXTERNAL
J/JL/Lxx-xx-E/T/S-AS-SR_2-11,J/JL/Lxx-xx-E/T/S-AS-SR_2-11,VAR_EXTERNAL
J/JL/Lxx-xx-E/T/S-AS-SR_2-12,J/JL/Lxx-xx-E/T/S-AS-SR_2-12,VAR_EXTERNAL
J/JL/Lxx-xx-E/T/S-AS-SR_2-13,J/JL/Lxx-xx-E/T/S-AS-SR_2-13,VAR_EXTERNAL
J/JL/Lxx-xx-E/T/S-AS-SR_2-14,J/JL/Lxx-xx-E/T/S-AS-SR_2-14,VAR_EXTERNAL
J/JL/Lxx-xx-E/T/S-AS-SR_2-15,J/JL/Lxx-xx-E/T/S-AS-SR_2-15,VAR_EXTERNAL
J/JL/Lxx-xx-E/T/S-AS-SR_3-1,J/JL/Lxx-xx-E/T/S-AS-SR_3-1,VAR_EXTERNAL
J/JL/Lxx-xx-E/T/S-AS-SR_3-2,J/JL/Lxx-xx-E/T/S-AS-SR_3-2,VAR_EXTERNAL
J/JL/Lxx-xx-E/T/S-AS-SR_3-3,J/JL/Lxx-xx-E/T/S-AS-SR_3-3,VAR_EXTERNAL
J/JL/Lxx-xx-E/T/S-AS-SR_3-4,J/JL/Lxx-xx-E/T/S-AS-SR_3-4,VAR_EXTERNAL
J/JL/Lxx-xx-E/T/S-AS-SR_3-5,J/JL/Lxx-xx-E/T/S-AS-SR_3-5,VAR_EXTERNAL
J/JL/Lxx-xx-E/T/S-AS-SR_3-6,J/JL/Lxx-xx-E/T/S-AS-SR_3-6,VAR_EXTERNAL
J/JL/Lxx-xx-E/T/S-AS-SR_3-7,J/JL/Lxx-xx-E/T/S-AS-SR_3-7,VAR_EXTERNAL
J/JL/Lxx-xx-E/T/S-AS-SR_3-8,J/JL/Lxx-xx-E/T/S-AS-SR_3-8,VAR_EXTERNAL
J/JL/Lxx-xx-E/T/S-AS-SR_3-9,J/JL/Lxx-xx-E/T/S-AS-SR_3-9,VAR_EXTERNAL
J/JL/Lxx-xx-E/T/S-AS-SR_3-10,J/JL/Lxx-xx-E/T/S-AS-SR_3-10,VAR_EXTERNAL
J/JL/Lxx-xx-E/T/S-AS-SR_3-11,J/JL/Lxx-xx-E/T/S-AS-SR_3-11,VAR_EXTERNAL
J/JL/Lxx-xx-E/T/S-AS-SR_3-12,J/JL/Lxx-xx-E/T/S-AS-SR_3-12,VAR_EXTERNAL
J/JL/Lxx-xx-E/T/S-AS-SR_3-13,J/JL/Lxx-xx-E/T/S-AS-SR_3-13,VAR_EXTERNAL
J/JL/Lxx-xx-E/T/S-AS-SR_3-14,J/JL/Lxx-xx-E/T/S-AS-SR_3-14,VAR_EXTERNAL
J/JL/Lxx-xx-E/T/S-AS-SR_3-15,J/JL/Lxx-xx-E/T/S-AS-SR_3-15,VAR_EXTERNAL
J/JL/Lxx-xx-E/T/S-AS-SR_4-1,J/JL/Lxx-xx-E/T/S-AS-SR_4-1,VAR_EXTERNAL
J/JL/Lxx-xx-E/T/S-AS-SR_4-2,J/JL/Lxx-xx-E/T/S-AS-SR_4-2,VAR_EXTERNAL
J/JL/Lxx-xx-E/T/S-AS-SR_4-3,J/JL/Lxx-xx-E/T/S-AS-SR_4-3,VAR_EXTERNAL
J/JL/Lxx-xx-E/T/S-AS-SR_4-4,J/JL/Lxx-xx-E/T/S-AS-SR_4-4,VAR_EXTERNAL
J/JL/Lxx-xx-E/T/S-AS-SR_4-5,J/JL/Lxx-xx-E/T/S-AS-SR_4-5,VAR_EXTERNAL
J/JL/Lxx-xx-E/T/S-AS-SR_4-6,J/JL/Lxx-xx-E/T/S-AS-SR_4-6,VAR_EXTERNAL
J/JL/Lxx-xx-E/T/S-AS-SR_4-7,J/JL/Lxx-xx-E/T/S-AS-SR_4-7,VAR_EXTERNAL
J/JL/Lxx-xx-E/T/S-AS-SR_4-8,J/JL/Lxx-xx-E/T/S-AS-SR_4-8,VAR_EXTERNAL
J/JL/Lxx-xx-E/T/S-AS-SR_4-9,J/JL/Lxx-xx-E/T/S-AS-SR_4-9,VAR_EXTERNAL
J/JL/Lxx-xx-E/T/S-AS-SR_4-10,J/JL/Lxx-xx-E/T/S-AS-SR_4-10,VAR_EXTERNAL
J/JL/Lxx-xx-E/T/S-AS-SR_4-11,J/JL/Lxx-xx-E/T/S-AS-SR_4-11,VAR_EXTERNAL
J/JL/Lxx-xx-E/T/S-AS-SR_4-12,J/JL/Lxx-xx-E/T/S-AS-SR_4-12,VAR_EXTERNAL
J/JL/Lxx-xx-E/T/S-AS-SR_4-13,J/JL/Lxx-xx-E/T/S-AS-SR_4-13,VAR_EXTERNAL
J/JL/Lxx-xx-E/T/S-AS-SR_4-14,J/JL/Lxx-xx-E/T/S-AS-SR_4-14,VAR_EXTERNAL
J/JL/Lxx-xx-E/T/S-AS-SR_4-15,J/JL/Lxx-xx-E/T/S-AS-SR_4-15,VAR_EXTERNAL
J/JL/Lxx-xx-E/T/S-AS-SR_5-1,J/JL/Lxx-xx-E/T/S-AS-SR_5-1,VAR_EXTERNAL
J/JL/Lxx-xx-E/T/S-AS-SR_5-2,J/JL/Lxx-xx-E/T/S-AS-SR_5-2,VAR_EXTERNAL
J/JL/Lxx-xx-E/T/S-AS-SR_5-3,J/JL/Lxx-xx-E/T/S-AS-SR_5-3,VAR_EXTERNAL
J/JL/Lxx-xx-E/T/S-AS-SR_5-4,J/JL/Lxx-xx-E/T/S-AS-SR_5-4,VAR_EXTERNAL
J/JL/Lxx-xx-E/T/S-AS-SR_5-5,J/JL/Lxx-xx-E/T/S-AS-SR_5-5,VAR_EXTERNAL
J/JL/Lxx-xx-E/T/S-AS-SR_5-6,J/JL/Lxx-xx-E/T/S-AS-SR_5-6,VAR_EXTERNAL
J/JL/Lxx-xx-E/T/S-AS-SR_5-7,J/JL/Lxx-xx-E/T/S-AS-SR_5-7,VAR_EXTERNAL
J/JL/Lxx-xx-E/T/S-AS-SR_5-8,J/JL/Lxx-xx-E/T/S-AS-SR_5-8,VAR_EXTERNAL
J/JL/Lxx-xx-E/T/S-AS-SR_5-9,J/JL/Lxx-xx-E/T/S-AS-SR_5-9,VAR_EXTERNAL
J/JL/Lxx-xx-E/T/S-AS-SR_5-10,J/JL/Lxx-xx-E/T/S-AS-SR_5-10,VAR_EXTERNAL
J/JL/Lxx-xx-E/T/S-AS-SR_5-11,J/JL/Lxx-xx-E/T/S-AS-SR_5-11,VAR_EXTERNAL
J/JL/Lxx-xx-E/T/S-AS-SR_5-12,J/JL/Lxx-xx-E/T/S-AS-SR_5-12,VAR_EXTERNAL
J/JL/Lxx-xx-E/T/S-AS-SR_5-13,J/JL/Lxx-xx-E/T/S-AS-SR_5-13,VAR_EXTERNAL
J/JL/Lxx-xx-E/T/S-AS-SR_5-14,J/JL/Lxx-xx-E/T/S-AS-SR_5-14,VAR_EXTERNAL
J/JL/Lxx-xx-E/T/S-AS-SR_5-15,J/JL/Lxx-xx-E/T/S-AS-SR_5-15,VAR_EXTERNAL
J/JL/Lxx-xx-E/T/S-AS-SR_6-1,J/JL/Lxx-xx-E/T/S-AS-SR_6-1,VAR_EXTERNAL
J/JL/Lxx-xx-E/T/S-AS-SR_6-2,J/JL/Lxx-xx-E/T/S-AS-SR_6-2,VAR_EXTERNAL
J/JL/Lxx-xx-E/T/S-AS-SR_6-3,J/JL/Lxx-xx-E/T/S-AS-SR_6-3,VAR_EXTERNAL
J/JL/Lxx-xx-E/T/S-AS-SR_6-4,J/JL/Lxx-xx-E/T/S-AS-SR_6-4,VAR_EXTERNAL
J/JL/Lxx-xx-E/T/S-AS-SR_6-5,J/JL/Lxx-xx-E/T/S-AS-SR_6-5,VAR_EXTERNAL
J/JL/Lxx-xx-E/T/S-AS-SR_6-6,J/JL/Lxx-xx-E/T/S-AS-SR_6-6,VAR_EXTERNAL
J/JL/Lxx-xx-E/T/S-AS-SR_6-7,J/JL/Lxx-xx-E/T/S-AS-SR_6-7,VAR_EXTERNAL
J/JL/Lxx-xx-E/T/S-AS-SR_6-8,J/JL/Lxx-xx-E/T/S-AS-SR_6-8,VAR_EXTERNAL
J/JL/Lxx-xx-E/T/S-AS-SR_6-9,J/JL/Lxx-xx-E/T/S-AS-SR_6-9,VAR_EXTERNAL
J/JL/Lxx-xx-E/T/S-AS-SR_6-10,J/JL/Lxx-xx-E/T/S-AS-SR_6-10,VAR_EXTERNAL
J/JL/Lxx-xx-E/T/S-AS-SR_6-11,J/JL/Lxx-xx-E/T/S-AS-SR_6-11,VAR_EXTERNAL
J/JL/Lxx-xx-E/T/S-AS-SR_6-12,J/JL/Lxx-xx-E/T/S-AS-SR_6-12,VAR_EXTERNAL
J/JL/Lxx-xx-E/T/S-AS-SR_6-13,J/JL/Lxx-xx-E/T/S-AS-SR_6-13,VAR_EXTERNAL
J/JL/Lxx-xx-E/T/S-AS-SR_6-14,J/JL/Lxx-xx-E/T/S-AS-SR_6-14,VAR_EXTERNAL
J/JL/Lxx-xx-E/T/S-AS-SR_6-15,J/JL/Lxx-xx-E/T/S-AS-SR_6-15,VAR_EXTERNAL
J/JL/Lxx-xx-E/T/S-AS-SR_7-1,J/JL/Lxx-xx-E/T/S-AS-SR_7-1,VAR_EXTERNAL
J/JL/Lxx-xx-E/T/S-AS-SR_7-2,J/JL/Lxx-xx-E/T/S-AS-SR_7-2,VAR_EXTERNAL
J/JL/Lxx-xx-E/T/S-AS-SR_7-3,J/JL/Lxx-xx-E/T/S-AS-SR_7-3,VAR_EXTERNAL
J/JL/Lxx-xx-E/T/S-AS-SR_7-4,J/JL/Lxx-xx-E/T/S-AS-SR_7-4,VAR_EXTERNAL
J/JL/Lxx-xx-E/T/S-AS-SR_7-5,J/JL/Lxx-xx-E/T/S-AS-SR_7-5,VAR_EXTERNAL
J/JL/Lxx-xx-E/T/S-AS-SR_7-6,J/JL/Lxx-xx-E/T/S-AS-SR_7-6,VAR_EXTERNAL
J/JL/Lxx-xx-E/T/S-AS-SR_7-7,J/JL/Lxx-xx-E/T/S-AS-SR_7-7,VAR_EXTERNAL
J/JL/Lxx-xx-E/T/S-AS-SR_7-8,J/JL/Lxx-xx-E/T/S-AS-SR_7-8,VAR_EXTERNAL
J/JL/Lxx-xx-E/T/S-AS-SR_7-9,J/JL/Lxx-xx-E/T/S-AS-SR_7-9,VAR_EXTERNAL
J/JL/Lxx-xx-E/T/S-AS-SR_7-10,J/JL/Lxx-xx-E/T/S-AS-SR_7-10,VAR_EXTERNAL
J/JL/Lxx-xx-E/T/S-AS-SR_7-11,J/JL/Lxx-xx-E/T/S-AS-SR_7-11,VAR_EXTERNAL
J/JL/Lxx-xx-E/T/S-AS-SR_7-12,J/JL/Lxx-xx-E/T/S-AS-SR_7-12,VAR_EXTERNAL
J/JL/Lxx-xx-E/T/S-AS-SR_7-13,J/JL/Lxx-xx-E/T/S-AS-SR_7-13,VAR_EXTERNAL
J/JL/Lxx-xx-E/T/S-AS-SR_7-14,J/JL/Lxx-xx-E/T/S-AS-SR_7-14,VAR_EXTERNAL
J/JL/Lxx-xx-E/T/S-AS-SR_7-15,J/JL/Lxx-xx-E/T/S-AS-SR_7-15,VAR_EXTERNAL
J/JL/Lxx-xx-E/T/S-AS-SR_8-1,J/JL/Lxx-xx-E/T/S-AS-SR_8-1,VAR_EXTERNAL
J/JL/Lxx-xx-E/T/S-AS-SR_8-2,J/JL/Lxx-xx-E/T/S-AS-SR_8-2,VAR_EXTERNAL
J/JL/Lxx-xx-E/T/S-AS-SR_8-3,J/JL/Lxx-xx-E/T/S-AS-SR_8-3,VAR_EXTERNAL
J/JL/Lxx-xx-E/T/S-AS-SR_8-4,J/JL/Lxx-xx-E/T/S-AS-SR_8-4,VAR_EXTERNAL
J/JL/Lxx-xx-E/T/S-AS-SR_8-5,J/JL/Lxx-xx-E/T/S-AS-SR_8-5,VAR_EXTERNAL
J/JL/Lxx-xx-E/T/S-AS-SR_8-6,J/JL/Lxx-xx-E/T/S-AS-SR_8-6,VAR_EXTERNAL
J/JL/Lxx-xx-E/T/S-AS-SR_8-7,J/JL/Lxx-xx-E/T/S-AS-SR_8-7,VAR_EXTERNAL
J/JL/Lxx-xx-E/T/S-AS-SR_8-8,J/JL/Lxx-xx-E/T/S-AS-SR_8-8,VAR_EXTERNAL
J/JL/Lxx-xx-E/T/S-AS-SR_8-9,J/JL/Lxx-xx-E/T/S-AS-SR_8-9,VAR_EXTERNAL
J/JL/Lxx-xx-E/T/S-AS-SR_8-10,J/JL/Lxx-xx-E/T/S-AS-SR_8-10,VAR_EXTERNAL
J/JL/Lxx-xx-E/T/S-AS-SR_8-11,J/JL/Lxx-xx-E/T/S-AS-SR_8-11,VAR_EXTERNAL
J/JL/Lxx-xx-E/T/S-AS-SR_8-12,J/JL/Lxx-xx-E/T/S-AS-SR_8-12,VAR_EXTERNAL
J/JL/Lxx-xx-E/T/S-AS-SR_8-13,J/JL/Lxx-xx-E/T/S-AS-SR_8-13,VAR_EXTERNAL
J/JL/Lxx-xx-E/T/S-AS-SR_8-14,J/JL/Lxx-xx-E/T/S-AS-SR_8-14,VAR_EXTERNAL
J/JL/Lxx-xx-E/T/S-AS-SR_8-15,J/JL/Lxx-xx-E/T/S-AS-SR_8-15,VAR_EXTERNAL
J/JL/Lxx-xx-E/T/S-AS-SR_9-1,J/JL/Lxx-xx-E/T/S-AS-SR_9-1,VAR_EXTERNAL
J/JL/Lxx-xx-E/T/S-AS-SR_9-2,J/JL/Lxx-xx-E/T/S-AS-SR_9-2,VAR_EXTERNAL
J/JL/Lxx-xx-E/T/S-AS-SR_9-3,J/JL/Lxx-xx-E/T/S-AS-SR_9-3,VAR_EXTERNAL
J/JL/Lxx-xx-E/T/S-AS-SR_9-4,J/JL/Lxx-xx-E/T/S-AS-SR_9-4,VAR_EXTERNAL
J/JL/Lxx-xx-E/T/S-AS-SR_9-5,J/JL/Lxx-xx-E/T/S-AS-SR_9-5,VAR_EXTERNAL
J/JL/Lxx-xx-E/T/S-AS-SR_9-6,J/JL/Lxx-xx-E/T/S-AS-SR_9-6,VAR_EXTERNAL
J/JL/Lxx-xx-E/T/S-AS-SR_9-7,J/JL/Lxx-xx-E/T/S-AS-SR_9-7,VAR_EXTERNAL
J/JL/Lxx-xx-E/T/S-AS-SR_9-8,J/JL/Lxx-xx-E/T/S-AS-SR_9-8,VAR_EXTERNAL
J/JL/Lxx-xx-E/T/S-AS-SR_9-9,J/JL/Lxx-xx-E/T/S-AS-SR_9-9,VAR_EXTERNAL
J/JL/Lxx-xx-E/T/S-AS-SR_9-10,J/JL/Lxx-xx-E/T/S-AS-SR_9-10,VAR_EXTERNAL
J/JL/Lxx-xx-E/T/S-AS-SR_9-11,J/JL/Lxx-xx-E/T/S-AS-SR_9-11,VAR_EXTERNAL
J/JL/Lxx-xx-E/T/S-AS-SR_9-12,J/JL/Lxx-xx-E/T/S-AS-SR_9-12,VAR_EXTERNAL
J/JL/Lxx-xx-E/T/S-AS-SR_9-13,J/JL/Lxx-xx-E/T/S-AS-SR_9-13,VAR_EXTERNAL
J/JL/Lxx-xx-E/T/S-AS-SR_9-14,J/JL/Lxx-xx-E/T/S-AS-SR_9-14,VAR_EXTERNAL
J/JL/Lxx-xx-E/T/S-AS-SR_9-15,J/JL/Lxx-xx-E/T/S-AS-SR_9-15,VAR_EXTERNAL
J/JL/Lxx-xx-E/T/S-AS-SR_10-1,J/JL/Lxx-xx-E/T/S-AS-SR_10-1,VAR_EXTERNAL
J/JL/Lxx-xx-E/T/S-AS-SR_10-2,J/JL/Lxx-xx-E/T/S-AS-SR_10-2,VAR_EXTERNAL
J/JL/Lxx-xx-E/T/S-AS-SR_10-3,J/JL/Lxx-xx-E/T/S-AS-SR_10-3,VAR_EXTERNAL
J/JL/Lxx-xx-E/T/S-AS-SR_10-4,J/JL/Lxx-xx-E/T/S-AS-SR_10-4,VAR_EXTERNAL
J/JL/Lxx-xx-E/T/S-AS-SR_10-5,J/JL/Lxx-xx-E/T/S-AS-SR_10-5,VAR_EXTERNAL
J/JL/Lxx-xx-E/T/S-AS-SR_10-6,J/JL/Lxx-xx-E/T/S-AS-SR_10-6,VAR_EXTERNAL
J/JL/Lxx-xx-E/T/S-AS-SR_10-7,J/JL/Lxx-xx-E/T/S-AS-SR_10-7,VAR_EXTERNAL
J/JL/Lxx-xx-E/T/S-AS-SR_10-8,J/JL/Lxx-xx-E/T/S-AS-SR_10-8,VAR_EXTERNAL
J/JL/Lxx-xx-E/T/S-AS-SR_10-9,J/JL/Lxx-xx-E/T/S-AS-SR_10-9,VAR_EXTERNAL
J/JL/Lxx-xx-E/T/S-AS-SR_10-10,J/JL/Lxx-xx-E/T/S-AS-SR_10-10,VAR_EXTERNAL
J/JL/Lxx-xx-E/T/S-AS-SR_10-11,J/JL/Lxx-xx-E/T/S-AS-SR_10-11,VAR_EXTERNAL
J/JL/Lxx-xx-E/T/S-AS-SR_10-12,J/JL/Lxx-xx-E/T/S-AS-SR_10-12,VAR_EXTERNAL
J/JL/Lxx-xx-E/T/S-AS-SR_10-13,J/JL/Lxx-xx-E/T/S-AS-SR_10-13,VAR_EXTERNAL
J/JL/Lxx-xx-E/T/S-AS-SR_10-14,J/JL/Lxx-xx-E/T/S-AS-SR_10-14,VAR_EXTERNAL
J/JL/Lxx-xx-E/T/S-AS-SR_10-15,J/JL/Lxx-xx-E/T/S-AS-SR_10-15,VAR_EXTERNAL
J/JL/Lxx-xx-E_1-1,J/JL/Lxx-xx-E_1-1,VAR_EXTERNAL
J/JL/Lxx-xx-E_1-2,J/JL/Lxx-xx-E_1-2,VAR_EXTERNAL
J/JL/Lxx-xx-E_1-3,J/JL/Lxx-xx-E_1-3,VAR_EXTERNAL
J/JL/Lxx-xx-E_1-4,J/JL/Lxx-xx-E_1-4,VAR_EXTERNAL
J/JL/Lxx-xx-E_1-5,J/JL/Lxx-xx-E_1-5,VAR_EXTERNAL
J/JL/Lxx-xx-E_1-6,J/JL/Lxx-xx-E_1-6,VAR_EXTERNAL
J/JL/Lxx-xx-E_1-7,J/JL/Lxx-xx-E_1-7,VAR_EXTERNAL
J/JL/Lxx-xx-E_1-8,J/JL/Lxx-xx-E_1-8,VAR_EXTERNAL
J/JL/Lxx-xx-E_1-9,J/JL/Lxx-xx-E_1-9,VAR_EXTERNAL
J/JL/Lxx-xx-E_1-10,J/JL/Lxx-xx-E_1-10,VAR_EXTERNAL
J/JL/Lxx-xx-E_1-11,J/JL/Lxx-xx-E_1-11,VAR_EXTERNAL
J/JL/Lxx-xx-E_1-12,J/JL/Lxx-xx-E_1-12,VAR_EXTERNAL
J/JL/Lxx-xx-E_1-13,J/JL/Lxx-xx-E_1-13,VAR_EXTERNAL
J/JL/Lxx-xx-E_1-14,J/JL/Lxx-xx-E_1-14,VAR_EXTERNAL
J/JL/Lxx-xx-E_1-15,J/JL/Lxx-xx-E_1-15,VAR_EXTERNAL
J/JL/Lxx-xx-E_2-1,J/JL/Lxx-xx-E_2-1,VAR_EXTERNAL
J/JL/Lxx-xx-E_2-2,J/JL/Lxx-xx-E_2-2,VAR_EXTERNAL
J/JL/Lxx-xx-E_2-3,J/JL/Lxx-xx-E_2-3,VAR_EXTERNAL
J/JL/Lxx-xx-E_2-4,J/JL/Lxx-xx-E_2-4,VAR_EXTERNAL
J/JL/Lxx-xx-E_2-5,J/JL/Lxx-xx-E_2-5,VAR_EXTERNAL
J/JL/Lxx-xx-E_2-6,J/JL/Lxx-xx-E_2-6,VAR_EXTERNAL
J/JL/Lxx-xx-E_2-7,J/JL/Lxx-xx-E_2-7,VAR_EXTERNAL
J/JL/Lxx-xx-E_2-8,J/JL/Lxx-xx-E_2-8,VAR_EXTERNAL
J/JL/Lxx-xx-E_2-9,J/JL/Lxx-xx-E_2-9,VAR_EXTERNAL
J/JL/Lxx-xx-E_2-10,J/JL/Lxx-xx-E_2-10,VAR_EXTERNAL
J/JL/Lxx-xx-E_2-11,J/JL/Lxx-xx-E_2-11,VAR_EXTERNAL
J/JL/Lxx-xx-E_2-12,J/JL/Lxx-xx-E_2-12,VAR_EXTERNAL
J/JL/Lxx-xx-E_2-13,J/JL/Lxx-xx-E_2-13,VAR_EXTERNAL
J/JL/Lxx-xx-E_2-14,J/JL/Lxx-xx-E_2-14,VAR_EXTERNAL
J/JL/Lxx-xx-E_2-15,J/JL/Lxx-xx-E_2-15,VAR_EXTERNAL
J/JL/Lxx-xx-E_3-1,J/JL/Lxx-xx-E_3-1,VAR_EXTERNAL
J/JL/Lxx-xx-E_3-2,J/JL/Lxx-xx-E_3-2,VAR_EXTERNAL
J/JL/Lxx-xx-E_3-3,J/JL/Lxx-xx-E_3-3,VAR_EXTERNAL
J/JL/Lxx-xx-E_3-4,J/JL/Lxx-xx-E_3-4,VAR_EXTERNAL
J/JL/Lxx-xx-E_3-5,J/JL/Lxx-xx-E_3-5,VAR_EXTERNAL
J/JL/Lxx-xx-E_3-6,J/JL/Lxx-xx-E_3-6,VAR_EXTERNAL
J/JL/Lxx-xx-E_3-7,J/JL/Lxx-xx-E_3-7,VAR_EXTERNAL
J/JL/Lxx-xx-E_3-8,J/JL/Lxx-xx-E_3-8,VAR_EXTERNAL
J/JL/Lxx-xx-E_3-9,J/JL/Lxx-xx-E_3-9,VAR_EXTERNAL
J/JL/Lxx-xx-E_3-10,J/JL/Lxx-xx-E_3-10,VAR_EXTERNAL
J/JL/Lxx-xx-E_3-11,J/JL/Lxx-xx-E_3-11,VAR_EXTERNAL
J/JL/Lxx-xx-E_3-12,J/JL/Lxx-xx-E_3-12,VAR_EXTERNAL
J/JL/Lxx-xx-E_3-13,J/JL/Lxx-xx-E_3-13,VAR_EXTERNAL
J/JL/Lxx-xx-E_3-14,J/JL/Lxx-xx-E_3-14,VAR_EXTERNAL
J/JL/Lxx-xx-E_3-15,J/JL/Lxx-xx-E_3-15,VAR_EXTERNAL
J/JL/Lxx-xx-E_4-1,J/JL/Lxx-xx-E_4-1,VAR_EXTERNAL
J/JL/Lxx-xx-E_4-2,J/JL/Lxx-xx-E_4-2,VAR_EXTERNAL
J/JL/Lxx-xx-E_4-3,J/JL/Lxx-xx-E_4-3,VAR_EXTERNAL
J/JL/Lxx-xx-E_4-4,J/JL/Lxx-xx-E_4-4,VAR_EXTERNAL
J/JL/Lxx-xx-E_4-5,J/JL/Lxx-xx-E_4-5,VAR_EXTERNAL
J/JL/Lxx-xx-E_4-6,J/JL/Lxx-xx-E_4-6,VAR_EXTERNAL
J/JL/Lxx-xx-E_4-7,J/JL/Lxx-xx-E_4-7,VAR_EXTERNAL
J/JL/Lxx-xx-E_4-8,J/JL/Lxx-xx-E_4-8,VAR_EXTERNAL
J/JL/Lxx-xx-E_4-9,J/JL/Lxx-xx-E_4-9,VAR_EXTERNAL
J/JL/Lxx-xx-E_4-10,J/JL/Lxx-xx-E_4-10,VAR_EXTERNAL
J/JL/Lxx-xx-E_4-11,J/JL/Lxx-xx-E_4-11,VAR_EXTERNAL
J/JL/Lxx-xx-E_4-12,J/JL/Lxx-xx-E_4-12,VAR_EXTERNAL
J/JL/Lxx-xx-E_4-13,J/JL/Lxx-xx-E_4-13,VAR_EXTERNAL
J/JL/Lxx-xx-E_4-14,J/JL/Lxx-xx-E_4-14,VAR_EXTERNAL
J/JL/Lxx-xx-E_4-15,J/JL/Lxx-xx-E_4-15,VAR_EXTERNAL
J/JL/Lxx-xx-E_5-1,J/JL/Lxx-xx-E_5-1,VAR_EXTERNAL
J/JL/Lxx-xx-E_5-2,J/JL/Lxx-xx-E_5-2,VAR_EXTERNAL
J/JL/Lxx-xx-E_5-3,J/JL/Lxx-xx-E_5-3,VAR_EXTERNAL
J/JL/Lxx-xx-E_5-4,J/JL/Lxx-xx-E_5-4,VAR_EXTERNAL
J/JL/Lxx-xx-E_5-5,J/JL/Lxx-xx-E_5-5,VAR_EXTERNAL
J/JL/Lxx-xx-E_5-6,J/JL/Lxx-xx-E_5-6,VAR_EXTERNAL
J/JL/Lxx-xx-E_5-7,J/JL/Lxx-xx-E_5-7,VAR_EXTERNAL
J/JL/Lxx-xx-E_5-8,J/JL/Lxx-xx-E_5-8,VAR_EXTERNAL
J/JL/Lxx-xx-E_5-9,J/JL/Lxx-xx-E_5-9,VAR_EXTERNAL
J/JL/Lxx-xx-E_5-10,J/JL/Lxx-xx-E_5-10,VAR_EXTERNAL
J/JL/Lxx-xx-E_5-11,J/JL/Lxx-xx-E_5-11,VAR_EXTERNAL
J/JL/Lxx-xx-E_5-12,J/JL/Lxx-xx-E_5-12,VAR_EXTERNAL
J/JL/Lxx-xx-E_5-13,J/JL/Lxx-xx-E_5-13,VAR_EXTERNAL
J/JL/Lxx-xx-E_5-14,J/JL/Lxx-xx-E_5-14,VAR_EXTERNAL
J/JL/Lxx-xx-E_5-15,J/JL/Lxx-xx-E_5-15,VAR_EXTERNAL
J/JL/Lxx-xx-E_6-1,J/JL/Lxx-xx-E_6-1,VAR_EXTERNAL
J/JL/Lxx-xx-E_6-2,J/JL/Lxx-xx-E_6-2,VAR_EXTERNAL
J/JL/Lxx-xx-E_6-3,J/JL/Lxx-xx-E_6-3,VAR_EXTERNAL
J/JL/Lxx-xx-E_6-4,J/JL/Lxx-xx-E_6-4,VAR_EXTERNAL
J/JL/Lxx-xx-E_6-5,J/JL/Lxx-xx-E_6-5,VAR_EXTERNAL
J/JL/Lxx-xx-E_6-6,J/JL/Lxx-xx-E_6-6,VAR_EXTERNAL
J/JL/Lxx-xx-E_6-7,J/JL/Lxx-xx-E_6-7,VAR_EXTERNAL
J/JL/Lxx-xx-E_6-8,J/JL/Lxx-xx-E_6-8,VAR_EXTERNAL
J/JL/Lxx-xx-E_6-9,J/JL/Lxx-xx-E_6-9,VAR_EXTERNAL
J/JL/Lxx-xx-E_6-10,J/JL/Lxx-xx-E_6-10,VAR_EXTERNAL
J/JL/Lxx-xx-E_6-11,J/JL/Lxx-xx-E_6-11,VAR_EXTERNAL
J/JL/Lxx-xx-E_6-12,J/JL/Lxx-xx-E_6-12,VAR_EXTERNAL
J/JL/Lxx-xx-E_6-13,J/JL/Lxx-xx-E_6-13,VAR_EXTERNAL
J/JL/Lxx-xx-E_6-14,J/JL/Lxx-xx-E_6-14,VAR_EXTERNAL
J/JL/Lxx-xx-E_6-15,J/JL/Lxx-xx-E_6-15,VAR_EXTERNAL
J/JL/Lxx-xx-E_7-1,J/JL/Lxx-xx-E_7-1,VAR_EXTERNAL
J/JL/Lxx-xx-E_7-2,J/JL/Lxx-xx-E_7-2,VAR_EXTERNAL
J/JL/Lxx-xx-E_7-3,J/JL/Lxx-xx-E_7-3,VAR_EXTERNAL
J/JL/Lxx-xx-E_7-4,J/JL/Lxx-xx-E_7-4,VAR_EXTERNAL
J/JL/Lxx-xx-E_7-5,J/JL/Lxx-xx-E_7-5,VAR_EXTERNAL
J/JL/Lxx-xx-E_7-6,J/JL/Lxx-xx-E_7-6,VAR_EXTERNAL
J/JL/Lxx-xx-E_7-7,J/JL/Lxx-xx-E_7-7,VAR_EXTERNAL
J/JL/Lxx-xx-E_7-8,J/JL/Lxx-xx-E_7-8,VAR_EXTERNAL
J/JL/Lxx-xx-E_7-9,J/JL/Lxx-xx-E_7-9,VAR_EXTERNAL
J/JL/Lxx-xx-E_7-10,J/JL/Lxx-xx-E_7-10,VAR_EXTERNAL
J/JL/Lxx-xx-E_7-11,J/JL/Lxx-xx-E_7-11,VAR_EXTERNAL
J/JL/Lxx-xx-E_7-12,J/JL/Lxx-xx-E_7-12,VAR_EXTERNAL
J/JL/Lxx-xx-E_7-13,J/JL/Lxx-xx-E_7-13,VAR_EXTERNAL
J/JL/Lxx-xx-E_7-14,J/JL/Lxx-xx-E_7-14,VAR_EXTERNAL
J/JL/Lxx-xx-E_7-15,J/JL/Lxx-xx-E_7-15,VAR_EXTERNAL
J/JL/Lxx-xx-E_8-1,J/JL/Lxx-xx-E_8-1,VAR_EXTERNAL
J/JL/Lxx-xx-E_8-2,J/JL/Lxx-xx-E_8-2,VAR_EXTERNAL
J/JL/Lxx-xx-E_8-3,J/JL/Lxx-xx-E_8-3,VAR_EXTERNAL
J/JL/Lxx-xx-E_8-4,J/JL/Lxx-xx-E_8-4,VAR_EXTERNAL
J/JL/Lxx-xx-E_8-5,J/JL/Lxx-xx-E_8-5,VAR_EXTERNAL
J/JL/Lxx-xx-E_8-6,J/JL/Lxx-xx-E_8-6,VAR_EXTERNAL
J/JL/Lxx-xx-E_8-7,J/JL/Lxx-xx-E_8-7,VAR_EXTERNAL
J/JL/Lxx-xx-E_8-8,J/JL/Lxx-xx-E_8-8,VAR_EXTERNAL
J/JL/Lxx-xx-E_8-9,J/JL/Lxx-xx-E_8-9,VAR_EXTERNAL
J/JL/Lxx-xx-E_8-10,J/JL/Lxx-xx-E_8-10,VAR_EXTERNAL
J/JL/Lxx-xx-E_8-11,J/JL/Lxx-xx-E_8-11,VAR_EXTERNAL
J/JL/Lxx-xx-E_8-12,J/JL/Lxx-xx-E_8-12,VAR_EXTERNAL
J/JL/Lxx-xx-E_8-13,J/JL/Lxx-xx-E_8-13,VAR_EXTERNAL
J/JL/Lxx-xx-E_8-14,J/JL/Lxx-xx-E_8-14,VAR_EXTERNAL
J/JL/Lxx-xx-E_8-15,J/JL/Lxx-xx-E_8-15,VAR_EXTERNAL
J/JL/Lxx-xx-E_9-1,J/JL/Lxx-xx-E_9-1,VAR_EXTERNAL
J/JL/Lxx-xx-E_9-2,J/JL/Lxx-xx-E_9-2,VAR_EXTERNAL
J/JL/Lxx-xx-E_9-3,J/JL/Lxx-xx-E_9-3,VAR_EXTERNAL
J/JL/Lxx-xx-E_9-4,J/JL/Lxx-xx-E_9-4,VAR_EXTERNAL
J/JL/Lxx-xx-E_9-5,J/JL/Lxx-xx-E_9-5,VAR_EXTERNAL
J/JL/Lxx-xx-E_9-6,J/JL/Lxx-xx-E_9-6,VAR_EXTERNAL
J/JL/Lxx-xx-E_9-7,J/JL/Lxx-xx-E_9-7,VAR_EXTERNAL
J/JL/Lxx-xx-E_9-8,J/JL/Lxx-xx-E_9-8,VAR_EXTERNAL
J/JL/Lxx-xx-E_9-9,J/JL/Lxx-xx-E_9-9,VAR_EXTERNAL
J/JL/Lxx-xx-E_9-10,J/JL/Lxx-xx-E_9-10,VAR_EXTERNAL
J/JL/Lxx-xx-E_9-11,J/JL/Lxx-xx-E_9-11,VAR_EXTERNAL
J/JL/Lxx-xx-E_9-12,J/JL/Lxx-xx-E_9-12,VAR_EXTERNAL
J/JL/Lxx-xx-E_9-13,J/JL/Lxx-xx-E_9-13,VAR_EXTERNAL
J/JL/Lxx-xx-E_9-14,J/JL/Lxx-xx-E_9-14,VAR_EXTERNAL
J/JL/Lxx-xx-E_9-15,J/JL/Lxx-xx-E_9-15,VAR_EXTERNAL
J/JL/Lxx-xx-E_10-1,J/JL/Lxx-xx-E_10-1,VAR_EXTERNAL
J/JL/Lxx-xx-E_10-2,J/JL/Lxx-xx-E_10-2,VAR_EXTERNAL
J/JL/Lxx-xx-E_10-3,J/JL/Lxx-xx-E_10-3,VAR_EXTERNAL
J/JL/Lxx-xx-E_10-4,J/JL/Lxx-xx-E_10-4,VAR_EXTERNAL
J/JL/Lxx-xx-E_10-5,J/JL/Lxx-xx-E_10-5,VAR_EXTERNAL
J/JL/Lxx-xx-E_10-6,J/JL/Lxx-xx-E_10-6,VAR_EXTERNAL
J/JL/Lxx-xx-E_10-7,J/JL/Lxx-xx-E_10-7,VAR_EXTERNAL
J/JL/Lxx-xx-E_10-8,J/JL/Lxx-xx-E_10-8,VAR_EXTERNAL
J/JL/Lxx-xx-E_10-9,J/JL/Lxx-xx-E_10-9,VAR_EXTERNAL
J/JL/Lxx-xx-E_10-10,J/JL/Lxx-xx-E_10-10,VAR_EXTERNAL
J/JL/Lxx-xx-E_10-11,J/JL/Lxx-xx-E_10-11,VAR_EXTERNAL
J/JL/Lxx-xx-E_10-12,J/JL/Lxx-xx-E_10-12,VAR_EXTERNAL
J/JL/Lxx-xx-E_10-13,J/JL/Lxx-xx-E_10-13,VAR_EXTERNAL
J/JL/Lxx-xx-E_10-14,J/JL/Lxx-xx-E_10-14,VAR_EXTERNAL
J/JL/Lxx-xx-E_10-15,J/JL/Lxx-xx-E_10-15,VAR_EXTERNAL
xx-E-ES/WS-RL_1,xx-E-ES/WS-RL_1,VAR_EXTERNAL
xx-E-ES/WS-RL_2,xx-E-ES/WS-RL_2,VAR_EXTERNAL
xx-E-ES/WS-RL_3,xx-E-ES/WS-RL_3,VAR_EXTERNAL
xx-E-ES/WS-RL_4,xx-E-ES/WS-RL_4,VAR_EXTERNAL
xx-E-ES/WS-RL_5,xx-E-ES/WS-RL_5,VAR_EXTERNAL
xx-E-ES/WS-RL_6,xx-E-ES/WS-RL_6,VAR_EXTERNAL
xx-E-ES/WS-RL_7,xx-E-ES/WS-RL_7,VAR_EXTERNAL
xx-E-ES/WS-RL_8,xx-E-ES/WS-RL_8,VAR_EXTERNAL
xx-E-ES/WS-RL_9,xx-E-ES/WS-RL_9,VAR_EXTERNAL
xx-E-ES/WS-RL_10,xx-E-ES/WS-RL_10,VAR_EXTERNAL
